{
    "0-10": {
        "path": [
            "1508",
            "1507",
            "1407",
            "1406"
        ],
        "avgDelay": 3826.2999999999997
    },
    "157-158": {
        "path": [
            "1508",
            "1507",
            "1407",
            "1406"
        ],
        "avgDelay": 3926.9999999999995
    },
    "158-160": {
        "path": [
            "1508",
            "1507",
            "1407",
            "1406"
        ],
        "avgDelay": 3927.5
    },
    "160-170": {
        "path": [
            "1508",
            "1507",
            "1407",
            "1406"
        ],
        "avgDelay": 3931.0999999999995
    },
    "271-273": {
        "path": [
            "1508",
            "1507",
            "1407",
            "1406"
        ],
        "avgDelay": 3991.5
    },
    "273-275": {
        "path": [
            "1508",
            "1507",
            "1506",
            "1406"
        ],
        "avgDelay": 3625.0
    },
    "275-285": {
        "path": [
            "1508",
            "1507",
            "1506",
            "1406"
        ],
        "avgDelay": 3629.2000000000003
    },
    "431-433": {
        "path": [
            "1508",
            "1507",
            "1506",
            "1406"
        ],
        "avgDelay": 3739.4999999999995
    },
    "433-434": {
        "path": [
            "1508",
            "1507",
            "1506",
            "1406"
        ],
        "avgDelay": 3740.0
    },
    "434-444": {
        "path": [
            "1508",
            "1507",
            "1506",
            "1406"
        ],
        "avgDelay": 3744.4
    },
    "546-547": {
        "path": [
            "1508",
            "1507",
            "1506",
            "1406"
        ],
        "avgDelay": 3821.0
    },
    "547-549": {
        "path": [
            "1508",
            "1507",
            "1506",
            "1406"
        ],
        "avgDelay": 3822.4999999999995
    },
    "549-559": {
        "path": [
            "1508",
            "1507",
            "1506",
            "1406"
        ],
        "avgDelay": 3826.6
    },
    "705-707": {
        "path": [
            "1508",
            "1507",
            "1506",
            "1406"
        ],
        "avgDelay": 3926.5
    },
    "707-708": {
        "path": [
            "1508",
            "1507",
            "1506",
            "1406"
        ],
        "avgDelay": 3926.9999999999995
    },
    "708-718": {
        "path": [
            "1508",
            "1507",
            "1506",
            "1406"
        ],
        "avgDelay": 3930.8
    },
    "820-822": {
        "path": [
            "1508",
            "1408",
            "1407",
            "1406"
        ],
        "avgDelay": 3926.9999999999995
    },
    "822-823": {
        "path": [
            "1508",
            "1507",
            "1506",
            "1406"
        ],
        "avgDelay": 3992.0
    },
    "823-833": {
        "path": [
            "1508",
            "1507",
            "1506",
            "1406"
        ],
        "avgDelay": 3995.5
    },
    "979-981": {
        "path": [
            "1508",
            "1507",
            "1506",
            "1406"
        ],
        "avgDelay": 4062.5
    },
    "981-982": {
        "path": [
            "1508",
            "1507",
            "1506",
            "1406"
        ],
        "avgDelay": 4062.9999999999995
    },
    "982-992": {
        "path": [
            "1508",
            "1507",
            "1506",
            "1406"
        ],
        "avgDelay": 4065.2000000000003
    },
    "1094-1096": {
        "path": [
            "1508",
            "1507",
            "1407",
            "1406"
        ],
        "avgDelay": 4062.9999999999995
    },
    "1096-1098": {
        "path": [
            "1508",
            "1507",
            "1407",
            "1406"
        ],
        "avgDelay": 4062.9999999999995
    },
    "1098-1108": {
        "path": [
            "1508",
            "1408",
            "1407",
            "1406"
        ],
        "avgDelay": 3734.0000000000005
    },
    "1254-1256": {
        "path": [
            "1508",
            "1507",
            "1407",
            "1406"
        ],
        "avgDelay": 3992.0
    },
    "1256-1257": {
        "path": [
            "1508",
            "1507",
            "1407",
            "1406"
        ],
        "avgDelay": 3992.0
    },
    "1257-1267": {
        "path": [
            "1508",
            "1507",
            "1407",
            "1406"
        ],
        "avgDelay": 3992.0
    },
    "1369-1370": {
        "path": [
            "1508",
            "1507",
            "1506",
            "1406"
        ],
        "avgDelay": 4123.0
    },
    "1370-1372": {
        "path": [
            "1508",
            "1507",
            "1407",
            "1406"
        ],
        "avgDelay": 3926.5
    },
    "1372-1382": {
        "path": [
            "1508",
            "1507",
            "1407",
            "1406"
        ],
        "avgDelay": 3926.5
    },
    "1528-1530": {
        "path": [
            "1508",
            "1507",
            "1407",
            "1406"
        ],
        "avgDelay": 3926.5
    },
    "1530-1531": {
        "path": [
            "1508",
            "1507",
            "1407",
            "1406"
        ],
        "avgDelay": 3926.5
    },
    "1531-1541": {
        "path": [
            "1508",
            "1507",
            "1407",
            "1406"
        ],
        "avgDelay": 3926.5
    },
    "1643-1645": {
        "path": [
            "1508",
            "1507",
            "1407",
            "1406"
        ],
        "avgDelay": 3739.4999999999995
    },
    "1645-1646": {
        "path": [
            "1508",
            "1507",
            "1506",
            "1406"
        ],
        "avgDelay": 4061.9999999999995
    },
    "1646-1656": {
        "path": [
            "1508",
            "1507",
            "1506",
            "1406"
        ],
        "avgDelay": 4061.9999999999995
    },
    "1802-1804": {
        "path": [
            "1508",
            "1507",
            "1506",
            "1406"
        ],
        "avgDelay": 4061.9999999999995
    },
    "1804-1805": {
        "path": [
            "1508",
            "1507",
            "1506",
            "1406"
        ],
        "avgDelay": 4061.9999999999995
    },
    "1805-1815": {
        "path": [
            "1508",
            "1507",
            "1506",
            "1406"
        ],
        "avgDelay": 4061.9999999999995
    },
    "2195-2205": {
        "path": [
            "1508",
            "1507",
            "1506",
            "1406"
        ],
        "avgDelay": 3734.2
    },
    "2351-2353": {
        "path": [
            "1508",
            "1408",
            "1407",
            "1406"
        ],
        "avgDelay": 3739.0
    },
    "2353-2354": {
        "path": [
            "1508",
            "1408",
            "1407",
            "1406"
        ],
        "avgDelay": 3740.0
    },
    "2354-2364": {
        "path": [
            "1508",
            "1408",
            "1407",
            "1406"
        ],
        "avgDelay": 3744.2999999999997
    },
    "2466-2468": {
        "path": [
            "1508",
            "1408",
            "1407",
            "1406"
        ],
        "avgDelay": 3744.2999999999997
    },
    "2468-2469": {
        "path": [
            "1508",
            "1408",
            "1407",
            "1406"
        ],
        "avgDelay": 3744.2999999999997
    },
    "2469-2479": {
        "path": [
            "1508",
            "1408",
            "1407",
            "1406"
        ],
        "avgDelay": 3744.2999999999997
    },
    "2625-2627": {
        "path": [
            "1508",
            "1408",
            "1407",
            "1406"
        ],
        "avgDelay": 3926.5
    },