{
    "0-10": {
        "path": [
            "1403",
            "1402",
            "1302"
        ],
        "avgDelay": 2570.5
    },
    "157-158": {
        "path": [
            "1403",
            "1402",
            "1302"
        ],
        "avgDelay": 2642.0
    },
    "158-160": {
        "path": [
            "1403",
            "1402",
            "1302"
        ],
        "avgDelay": 2643.0
    },
    "160-170": {
        "path": [
            "1403",
            "1402",
            "1302"
        ],
        "avgDelay": 2645.1
    },
    "271-273": {
        "path": [
            "1403",
            "1303",
            "1302"
        ],
        "avgDelay": 2642.4999999999995
    },
    "273-275": {
        "path": [
            "1403",
            "1303",
            "1302"
        ],
        "avgDelay": 2642.4999999999995
    },
    "275-285": {
        "path": [
            "1403",
            "1303",
            "1302"
        ],
        "avgDelay": 2642.4999999999995
    },
    "431-433": {
        "path": [
            "1403",
            "1303",
            "1302"
        ],
        "avgDelay": 2642.4999999999995
    },
    "433-434": {
        "path": [
            "1403",
            "1303",
            "1302"
        ],
        "avgDelay": 2642.4999999999995
    },
    "434-444": {
        "path": [
            "1403",
            "1303",
            "1302"
        ],
        "avgDelay": 2642.4999999999995
    },
    "546-547": {
        "path": [
            "1403",
            "1303",
            "1302"
        ],
        "avgDelay": 2642.4999999999995
    },
    "547-549": {
        "path": [
            "1403",
            "1303",
            "1302"
        ],
        "avgDelay": 2642.4999999999995
    },
    "549-559": {
        "path": [
            "1403",
            "1303",
            "1302"
        ],
        "avgDelay": 2642.4999999999995
    },
    "705-707": {
        "path": [
            "1403",
            "1303",
            "1302"
        ],
        "avgDelay": 2642.4999999999995
    },
    "979-981": {
        "path": [
            "1403",
            "1303",
            "1302"
        ],
        "avgDelay": 2164.5
    },
    "981-982": {
        "path": [
            "1403",
            "1402",
            "1302"
        ],
        "avgDelay": 2567.0
    },
    "982-992": {
        "path": [
            "1403",
            "1402",
            "1302"
        ],
        "avgDelay": 2567.0
    },
    "1094-1096": {
        "path": [
            "1403",
            "1402",
            "1401",
            "1301",
            "1302"
        ],
        "avgDelay": 5395.999999999999
    },
    "1096-1098": {
        "path": [
            "1403",
            "1402",
            "1401",
            "1301",
            "1302"
        ],
        "avgDelay": 5395.999999999999
    },
    "1098-1108": {
        "path": [
            "1403",
            "1402",
            "1401",
            "1301",
            "1302"
        ],
        "avgDelay": 5395.999999999999
    },
    "1254-1256": {
        "path": [
            "1403",
            "1402",
            "1302"
        ],
        "avgDelay": 2383.5
    },
    "1256-1257": {
        "path": [
            "1403",
            "1402",
            "1302"
        ],
        "avgDelay": 2383.5
    },
    "1257-1267": {
        "path": [
            "1403",
            "1402",
            "1302"
        ],
        "avgDelay": 2383.5
    },
    "1369-1370": {
        "path": [
            "1403",
            "1402",
            "1401",
            "1301",
            "1302"
        ],
        "avgDelay": 5333.0
    },
    "1370-1372": {
        "path": [
            "1403",
            "1404",
            "1304",
            "1303",
            "1302"
        ],
        "avgDelay": 4854.5
    },
    "1372-1382": {
        "path": [
            "1403",
            "1402",
            "1302"
        ],
        "avgDelay": 2287.7
    },
    "1528-1530": {
        "path": [
            "1403",
            "1402",
            "1302"
        ],
        "avgDelay": 2287.7
    },
    "1530-1531": {
        "path": [
            "1403",
            "1404",
            "1304",
            "1303",
            "1302"
        ],
        "avgDelay": 4984.0
    },
    "1531-1541": {
        "path": [
            "1403",
            "1404",
            "1304",
            "1303",
            "1302"
        ],
        "avgDelay": 4988.599999999999
    },
    "1643-1645": {
        "path": [
            "1403",
            "1404",
            "1304",
            "1303",
            "1302"
        ],
        "avgDelay": 5073.5
    },
    "1645-1646": {
        "path": [
            "1403",
            "1404",
            "1304",
            "1303",
            "1302"
        ],
        "avgDelay": 5075.0
    },
    "1646-1656": {
        "path": [
            "1403",
            "1404",
            "1304",
            "1303",
            "1302"
        ],
        "avgDelay": 5078.900000000001
    },
    "1802-1804": {
        "path": [
            "1403",
            "1402",
            "1401",
            "1301",
            "1302"
        ],
        "avgDelay": 5074.5
    },
    "1804-1805": {
        "path": [
            "1403",
            "1402",
            "1401",
            "1301",
            "1302"
        ],
        "avgDelay": 5074.5
    },
    "1805-1815": {
        "path": [
            "1403",
            "1402",
            "1401",
            "1301",
            "1302"
        ],
        "avgDelay": 5074.5
    },
    "1917-1919": {
        "path": [
            "1403",
            "1404",
            "1304",
            "1303",
            "1302"
        ],
        "avgDelay": 5256.5
    },
    "1919-1920": {
        "path": [
            "1403",
            "1303",
            "1302"
        ],
        "avgDelay": 2165.0
    },
    "1920-1930": {
        "path": [
            "1403",
            "1404",
            "1304",
            "1303",
            "1302"
        ],
        "avgDelay": 5260.5
    },
    "2077-2079": {
        "path": [
            "1403",
            "1303",
            "1302"
        ],
        "avgDelay": 2293.5
    },
    "2079-2080": {
        "path": [
            "1403",
            "1404",
            "1304",
            "1303",
            "1302"
        ],
        "avgDelay": 5333.0
    },
    "2080-2090": {
        "path": [
            "1403",
            "1404",
            "1304",
            "1303",
            "1302"
        ],
        "avgDelay": 5334.999999999999
    },
    "2192-2193": {
        "path": [
            "1403",
            "1303",
            "1302"
        ],
        "avgDelay": 2383.0
    },
    "2193-2195": {
        "path": [
            "1403",
            "1303",
            "1302"
        ],
        "avgDelay": 2384.5
    },
    "2195-2205": {
        "path": [
            "1403",
            "1303",
            "1302"
        ],
        "avgDelay": 2389.3
    },
    "2351-2353": {
        "path": [
            "1403",
            "1303",
            "1302"
        ],
        "avgDelay": 2497.0
    },
    "2353-2354": {
        "path": [
            "1403",
            "1404",
            "1304",
            "1303",
            "1302"
        ],
        "avgDelay": 5395.999999999999
    },
    "2354-2364": {
        "path": [
            "1403",
            "1404",
            "1304",
            "1303",
            "1302"
        ],
        "avgDelay": 5396.200000000001
    },
    "2466-2468": {
        "path": [
            "1403",
            "1303",
            "1302"
        ],
        "avgDelay": 2567.0
    },
    "2468-2469": {
        "path": [
            "1403",
            "1303",
            "1302"
        ],
        "avgDelay": 2568.0
    },
    "2469-2479": {
        "path": [
            "1403",
            "1303",
            "1302"
        ],
        "avgDelay": 2570.6
    },